{
  "users": [
    {
      "username": "JohnDoe",
      "email": "johndoe1@example.com",
      "password": "password123"
    },
    {
      "username": "JaneSmith",
      "email": "janesmith2@example.com",
      "password": "securePass987"
    },
    {
      "username": "MichaelJohnson",
      "email": "michaeljohnson3@example.com",
      "password": "mikePass234"
    },
    {
      "username": "EmilyDavis",
      "email": "emilydavis4@example.com",
      "password": "emilyD4321"
    },
    {
      "username": "DavidLee",
      "email": "davidlee5@example.com",
      "password": "davlee789"
    },
    {
      "username": "JessicaBrown",
      "email": "jessicabrown6@example.com",
      "password": "jessPass111"
    },
    {
      "username": "ChrisWilson",
      "email": "chriswilson7@example.com",
      "password": "chrisW9876"
    },
    {
      "username": "SarahMiller",
      "email": "sarahmiller8@example.com",
      "password": "sarahMil456"
    },
    {
      "username": "JamesTaylor",
      "email": "jamestaylor9@example.com",
      "password": "jamesT12345"
    },
    {
      "username": "SophiaMartinez",
      "email": "sophiamartinez10@example.com",
      "password": "sophiaM6543"
    },
    {
      "username": "MatthewAnderson",
      "email": "matthewanderson11@example.com",
      "password": "matthewA1234"
    },
    {
      "username": "OliviaThomas",
      "email": "oliviathomas12@example.com",
      "password": "oliviaT5678"
    },
    {
      "username": "DanielGarcia",
      "email": "danielgarcia13@example.com",
      "password": "danGar123"
    },
    {
      "username": "MiaMartinez",
      "email": "miamartinez14@example.com",
      "password": "miaM4321"
    },
    {
      "username": "EthanWhite",
      "email": "ethanwhite15@example.com",
      "password": "ethanW654"
    },
    {
      "username": "IsabellaClark",
      "email": "isabellaclark16@example.com",
      "password": "isaClark1234"
    },
    {
      "username": "LiamHernandez",
      "email": "liamhernandez17@example.com",
      "password": "liamH7890"
    },
    {
      "username": "AmeliaKing",
      "email": "ameliaking18@example.com",
      "password": "ameliaK9876"
    },
    {
      "username": "AlexanderYoung",
      "email": "alexanderyoung19@example.com",
      "password": "alexYoung123"
    },
    {
      "username": "AvaWalker",
      "email": "avawalker20@example.com",
      "password": "avaWalker456"
    }
  ]
}
